applicant_id,district,income_band,age_band,household_size,prior_eviction,monthly_income,rent_burden,years_in_city,caseworker_score,model_score,approved
1,yes,<0,65+,1,1,1169.0,0.08333333333333333,4.0,63,1.0,1
2,yes,0<=X<200,18-24,1,0,5951.0,0.6666666666666666,2.0,60,0.0,0
3,yes,no checking,45-64,2,1,2096.0,0.16666666666666666,3.0,61,1.0,1
4,yes,<0,45-64,2,0,7882.0,0.5833333333333334,4.0,61,1.0,1
5,yes,<0,45-64,2,0,4870.0,0.3333333333333333,4.0,60,0.0,0
6,yes,no checking,25-44,2,0,9055.0,0.5,4.0,60,1.0,1
7,yes,no checking,45-64,1,0,2835.0,0.3333333333333333,4.0,63,1.0,1
8,yes,0<=X<200,25-44,1,0,6948.0,0.5,2.0,60,1.0,1
9,yes,no checking,45-64,1,0,3059.0,0.16666666666666666,4.0,61,1.0,1
10,yes,0<=X<200,25-44,1,1,5234.0,0.4166666666666667,2.0,64,0.0,0
11,yes,0<=X<200,25-44,1,0,1295.0,0.16666666666666666,1.0,62,0.0,0
12,yes,<0,18-24,1,0,4308.0,0.6666666666666666,4.0,62,0.0,0
13,yes,0<=X<200,18-24,1,0,1567.0,0.16666666666666666,1.0,60,1.0,1
14,yes,<0,45-64,1,1,1199.0,0.3333333333333333,4.0,63,0.0,0
15,yes,<0,25-44,1,0,1403.0,0.20833333333333334,4.0,60,1.0,1
16,yes,<0,25-44,1,0,1282.0,0.3333333333333333,2.0,60,0.0,0
17,yes,no checking,45-64,1,1,2424.0,0.3333333333333333,4.0,63,1.0,1
18,yes,<0,25-44,1,0,8072.0,0.4166666666666667,3.0,62,1.0,1
19,yes,0<=X<200,25-44,1,0,12579.0,0.3333333333333333,2.0,63,0.0,0
20,yes,no checking,25-44,2,0,3430.0,0.3333333333333333,2.0,63,1.0,1
21,yes,no checking,45-64,1,1,2134.0,0.125,4.0,60,1.0,1
22,yes,<0,25-44,2,0,2647.0,0.08333333333333333,3.0,60,1.0,1
23,no,<0,45-64,2,1,2241.0,0.1388888888888889,3.0,62,1.0,1
24,yes,0<=X<200,25-44,1,1,1804.0,0.16666666666666666,4.0,62,1.0,1
25,no,no checking,25-44,1,1,2069.0,0.1388888888888889,1.0,60,1.0,1
26,yes,<0,25-44,1,0,1374.0,0.08333333333333333,2.0,60,1.0,1
27,yes,no checking,25-44,1,0,426.0,0.08333333333333333,4.0,63,1.0,1
28,yes,>=200,25-44,1,0,409.0,0.16666666666666666,3.0,60,1.0,1
29,yes,0<=X<200,25-44,1,0,2415.0,0.09722222222222222,2.0,60,1.0,1
30,yes,<0,45-64,1,0,6836.0,0.8333333333333334,4.0,63,0.0,0
31,yes,0<=X<200,25-44,1,0,1913.0,0.25,3.0,62,1.0,1
32,yes,<0,25-44,1,0,4020.0,0.3333333333333333,2.0,60,1.0,1
33,yes,0<=X<200,25-44,1,0,5866.0,0.25,2.0,60,1.0,1
34,yes,no checking,45-64,1,1,1264.0,0.16666666666666666,4.0,63,1.0,1
35,yes,>=200,25-44,1,0,1474.0,0.16666666666666666,1.0,62,1.0,1
36,yes,0<=X<200,25-44,1,1,4746.0,0.625,2.0,62,0.0,0
37,yes,no checking,25-44,1,1,6110.0,0.6666666666666666,3.0,60,1.0,1
38,yes,>=200,25-44,1,0,2100.0,0.25,2.0,60,0.0,0
39,yes,>=200,25-44,1,0,1225.0,0.1388888888888889,2.0,60,1.0,1
40,yes,0<=X<200,18-24,1,0,458.0,0.125,3.0,60,1.0,1
41,yes,no checking,25-44,1,0,2333.0,0.4166666666666667,2.0,63,1.0,1
42,yes,0<=X<200,25-44,1,0,1158.0,0.16666666666666666,1.0,60,1.0,1
43,yes,0<=X<200,25-44,2,0,6204.0,0.25,4.0,60,1.0,1
44,yes,<0,18-24,1,1,6187.0,0.4166666666666667,4.0,61,1.0,1
45,yes,<0,45-64,1,1,6143.0,0.6666666666666666,4.0,63,0.0,0
46,yes,no checking,25-44,1,1,1393.0,0.1527777777777778,4.0,62,1.0,1
47,yes,no checking,25-44,1,0,2299.0,0.5,4.0,63,1.0,1
48,yes,<0,18-24,1,0,1352.0,0.08333333333333333,2.0,64,1.0,1
49,yes,no checking,25-44,1,1,7228.0,0.1527777777777778,4.0,60,1.0,1
50,yes,no checking,25-44,1,0,2073.0,0.16666666666666666,2.0,60,1.0,1
51,yes,0<=X<200,25-44,1,0,2333.0,0.3333333333333333,2.0,62,1.0,1
52,yes,0<=X<200,25-44,1,0,5965.0,0.375,2.0,63,1.0,1
53,yes,no checking,25-44,1,0,1262.0,0.16666666666666666,2.0,60,1.0,1
54,yes,no checking,25-44,1,0,3378.0,0.25,1.0,60,1.0,1
55,yes,0<=X<200,45-64,1,0,2225.0,0.5,4.0,63,0.0,0
56,yes,no checking,25-44,2,0,783.0,0.08333333333333333,2.0,60,1.0,1
57,yes,0<=X<200,45-64,1,0,6468.0,0.16666666666666666,1.0,64,0.0,0
58,yes,no checking,25-44,1,1,9566.0,0.5,2.0,60,1.0,1
59,yes,>=200,18-24,1,0,1961.0,0.25,2.0,63,1.0,1
60,yes,<0,18-24,1,1,6229.0,0.5,4.0,62,0.0,0
61,yes,0<=X<200,25-44,1,0,1391.0,0.125,1.0,60,1.0,1
62,yes,0<=X<200,45-64,1,1,1537.0,0.20833333333333334,4.0,63,1.0,1
63,yes,0<=X<200,45-64,1,0,1953.0,0.5,4.0,63,0.0,0
64,yes,0<=X<200,25-44,1,0,14421.0,0.6666666666666666,2.0,60,0.0,0
65,yes,no checking,25-44,1,0,3181.0,0.3333333333333333,4.0,62,1.0,1
66,yes,no checking,45-64,2,0,5190.0,0.375,4.0,63,1.0,1
67,yes,no checking,25-44,1,0,2171.0,0.16666666666666666,2.0,62,1.0,1
68,yes,0<=X<200,18-24,1,0,1007.0,0.16666666666666666,1.0,60,1.0,1
69,yes,no checking,25-44,1,0,1819.0,0.5,4.0,60,0.0,0
70,yes,no checking,25-44,1,0,2394.0,0.5,4.0,60,1.0,1
71,yes,no checking,25-44,1,0,8133.0,0.5,2.0,60,1.0,1
72,yes,no checking,45-64,1,1,730.0,0.09722222222222222,2.0,63,1.0,1
73,yes,<0,45-64,2,1,1164.0,0.1111111111111111,4.0,63,1.0,1
74,yes,0<=X<200,25-44,1,1,5954.0,0.5833333333333334,1.0,61,1.0,1
75,yes,<0,25-44,1,0,1977.0,0.5,4.0,63,0.0,0
76,yes,<0,65+,1,1,1526.0,0.16666666666666666,4.0,63,1.0,1
77,yes,<0,25-44,1,0,3965.0,0.5833333333333334,3.0,62,0.0,0
78,yes,0<=X<200,45-64,1,0,4771.0,0.1527777777777778,4.0,61,1.0,1
79,yes,no checking,25-44,2,0,9436.0,0.75,2.0,60,1.0,1
80,yes,0<=X<200,18-24,1,0,3832.0,0.4166666666666667,1.0,62,1.0,1
81,yes,no checking,25-44,1,0,5943.0,0.3333333333333333,1.0,62,0.0,0
82,yes,no checking,45-64,1,0,1213.0,0.20833333333333334,3.0,63,1.0,1
83,yes,no checking,18-24,1,0,1568.0,0.25,4.0,60,1.0,1
84,yes,<0,45-64,1,0,1755.0,0.3333333333333333,4.0,63,1.0,1
85,yes,<0,45-64,1,0,2315.0,0.1388888888888889,4.0,63,1.0,1
86,yes,no checking,25-44,1,1,1412.0,0.16666666666666666,2.0,60,1.0,1
87,yes,0<=X<200,25-44,1,1,1295.0,0.25,1.0,62,1.0,1
88,yes,0<=X<200,45-64,2,0,12612.0,0.5,4.0,60,0.0,0
89,yes,<0,25-44,2,0,2249.0,0.25,3.0,61,1.0,1
90,yes,<0,25-44,1,0,1108.0,0.16666666666666666,3.0,61,0.0,0
91,yes,no checking,45-64,1,1,618.0,0.16666666666666666,4.0,63,1.0,1
92,yes,<0,45-64,1,1,1409.0,0.16666666666666666,3.0,63,1.0,1
93,yes,no checking,25-44,2,1,797.0,0.16666666666666666,3.0,63,0.0,0
94,yes,>=200,18-24,1,1,3617.0,0.3333333333333333,4.0,63,1.0,1
95,yes,0<=X<200,45-64,1,0,1318.0,0.16666666666666666,4.0,63,1.0,1
96,yes,0<=X<200,45-64,1,0,15945.0,0.75,4.0,62,0.0,0
97,yes,no checking,45-64,1,1,2012.0,0.16666666666666666,2.0,61,1.0,1
98,yes,0<=X<200,25-44,1,0,2622.0,0.25,4.0,60,1.0,1
99,yes,0<=X<200,25-44,1,1,2337.0,0.5,4.0,63,1.0,1
100,yes,0<=X<200,25-44,2,0,7057.0,0.2777777777777778,4.0,61,1.0,1
101,yes,no checking,25-44,1,0,1469.0,0.3333333333333333,4.0,63,1.0,1
102,yes,0<=X<200,18-24,1,0,2323.0,0.5,4.0,61,1.0,1
103,yes,no checking,18-24,1,0,932.0,0.08333333333333333,2.0,60,1.0,1
104,yes,0<=X<200,25-44,1,1,1919.0,0.125,3.0,61,1.0,1
105,yes,no checking,25-44,1,0,2445.0,0.16666666666666666,4.0,62,1.0,1
106,yes,0<=X<200,25-44,2,1,11938.0,0.3333333333333333,3.0,60,0.0,0
107,yes,no checking,25-44,2,0,6458.0,0.25,4.0,63,0.0,0
108,yes,0<=X<200,25-44,1,0,6078.0,0.16666666666666666,2.0,61,1.0,1
109,no,<0,25-44,1,0,7721.0,0.3333333333333333,2.0,62,1.0,1
110,yes,0<=X<200,25-44,1,0,1410.0,0.19444444444444445,2.0,63,1.0,1
111,yes,0<=X<200,25-44,2,0,1449.0,0.08333333333333333,2.0,63,1.0,1
112,yes,>=200,18-24,1,0,392.0,0.20833333333333334,4.0,62,1.0,1
113,yes,0<=X<200,25-44,1,0,6260.0,0.25,3.0,61,1.0,1
114,yes,no checking,25-44,1,1,7855.0,0.5,2.0,60,0.0,0
115,yes,<0,25-44,1,0,1680.0,0.16666666666666666,1.0,63,1.0,1
116,yes,no checking,45-64,1,1,3578.0,0.6666666666666666,1.0,63,1.0,1
117,yes,<0,25-44,1,0,7174.0,0.5833333333333334,3.0,61,0.0,0
118,no,<0,25-44,1,1,2132.0,0.1388888888888889,3.0,62,1.0,1
119,yes,<0,18-24,1,1,4281.0,0.4583333333333333,4.0,60,0.0,0
120,yes,0<=X<200,25-44,1,1,2366.0,0.16666666666666666,3.0,61,1.0,1
121,yes,<0,25-44,1,0,1835.0,0.2916666666666667,2.0,60,0.0,0
122,yes,no checking,25-44,1,1,3868.0,0.3333333333333333,2.0,63,1.0,1
123,yes,no checking,18-24,1,0,1768.0,0.16666666666666666,2.0,60,1.0,1
124,yes,>=200,45-64,1,1,781.0,0.1388888888888889,4.0,63,1.0,1
125,yes,0<=X<200,25-44,1,0,1924.0,0.25,3.0,62,0.0,0
126,yes,<0,25-44,1,1,2121.0,0.16666666666666666,2.0,60,1.0,1
127,yes,<0,25-44,1,0,701.0,0.16666666666666666,2.0,60,1.0,1
128,yes,0<=X<200,25-44,1,0,639.0,0.16666666666666666,2.0,60,0.0,0
129,yes,0<=X<200,25-44,1,1,1860.0,0.16666666666666666,2.0,64,1.0,1
130,yes,<0,25-44,1,1,3499.0,0.16666666666666666,2.0,60,0.0,0
131,yes,0<=X<200,18-24,1,0,8487.0,0.6666666666666666,2.0,61,1.0,1
132,yes,<0,25-44,1,0,6887.0,0.5,3.0,60,0.0,0
133,yes,no checking,25-44,1,0,2708.0,0.20833333333333334,3.0,62,1.0,1
134,yes,no checking,45-64,1,0,1984.0,0.25,4.0,60,1.0,1
135,yes,no checking,18-24,1,0,10144.0,0.8333333333333334,4.0,61,1.0,1
136,yes,no checking,25-44,1,1,1240.0,0.16666666666666666,2.0,63,1.0,1
137,yes,no checking,25-44,1,0,8613.0,0.375,2.0,60,1.0,1
138,yes,0<=X<200,65+,1,0,766.0,0.16666666666666666,3.0,60,0.0,0
139,yes,0<=X<200,25-44,1,1,2728.0,0.20833333333333334,2.0,61,1.0,1
140,yes,>=200,25-44,1,0,1881.0,0.16666666666666666,2.0,60,1.0,1
141,no,>=200,25-44,1,0,709.0,0.08333333333333333,2.0,62,1.0,1
142,yes,0<=X<200,25-44,1,0,4795.0,0.5,1.0,62,1.0,1
143,yes,<0,25-44,1,0,3416.0,0.375,2.0,60,1.0,1
144,yes,<0,18-24,1,0,2462.0,0.25,2.0,60,0.0,0
145,yes,no checking,18-24,1,1,2288.0,0.2916666666666667,4.0,62,1.0,1
146,yes,0<=X<200,25-44,1,0,3566.0,0.6666666666666666,2.0,61,1.0,1
147,yes,<0,25-44,1,1,860.0,0.08333333333333333,4.0,63,1.0,1
148,yes,no checking,45-64,1,1,682.0,0.16666666666666666,3.0,61,1.0,1
149,yes,<0,25-44,1,1,5371.0,0.5,2.0,60,1.0,1
150,yes,no checking,45-64,1,1,1582.0,0.25,4.0,63,1.0,1
151,yes,no checking,25-44,2,0,1346.0,0.08333333333333333,4.0,63,1.0,1
152,no,no checking,25-44,1,0,1924.0,0.1388888888888889,4.0,60,1.0,1
153,yes,>=200,18-24,1,0,5848.0,0.5,1.0,60,1.0,1
154,yes,0<=X<200,25-44,1,1,7758.0,0.3333333333333333,4.0,63,1.0,1
155,yes,0<=X<200,25-44,1,0,6967.0,0.3333333333333333,4.0,61,1.0,1
156,yes,<0,18-24,1,0,1282.0,0.16666666666666666,4.0,60,0.0,0
157,no,<0,45-64,2,1,1288.0,0.125,4.0,63,1.0,1
158,yes,<0,45-64,1,0,339.0,0.16666666666666666,1.0,63,1.0,1
159,yes,0<=X<200,25-44,1,0,3512.0,0.3333333333333333,3.0,61,1.0,1
160,yes,no checking,25-44,2,1,1898.0,0.08333333333333333,2.0,60,1.0,1
161,yes,no checking,25-44,2,1,2872.0,0.3333333333333333,4.0,63,1.0,1
162,yes,no checking,25-44,1,1,1055.0,0.25,1.0,62,1.0,1
163,yes,no checking,25-44,1,0,1262.0,0.20833333333333334,3.0,61,1.0,1
164,yes,0<=X<200,65+,1,0,7308.0,0.1388888888888889,4.0,64,1.0,1
165,yes,no checking,25-44,1,0,909.0,0.5,4.0,63,1.0,1
166,yes,no checking,25-44,1,0,2978.0,0.08333333333333333,2.0,60,1.0,1
167,yes,<0,25-44,1,0,1131.0,0.25,2.0,64,0.0,0
168,yes,0<=X<200,18-24,1,0,1577.0,0.1527777777777778,1.0,62,1.0,1
169,yes,no checking,25-44,1,0,3972.0,0.3333333333333333,4.0,61,1.0,1
170,yes,0<=X<200,25-44,1,1,1935.0,0.3333333333333333,4.0,63,0.0,0
171,yes,<0,25-44,2,0,950.0,0.20833333333333334,3.0,63,0.0,0
172,yes,no checking,25-44,1,0,763.0,0.16666666666666666,1.0,60,1.0,1
173,yes,0<=X<200,25-44,1,0,2064.0,0.3333333333333333,2.0,64,0.0,0
174,no,0<=X<200,25-44,1,0,1414.0,0.1111111111111111,2.0,60,1.0,1
175,yes,<0,25-44,1,0,3414.0,0.2916666666666667,1.0,62,0.0,0
176,yes,no checking,45-64,1,0,7485.0,0.4166666666666667,1.0,64,0.0,0
177,yes,<0,25-44,1,0,2577.0,0.16666666666666666,1.0,60,1.0,1
178,yes,<0,45-64,1,1,338.0,0.08333333333333333,4.0,63,1.0,1
179,yes,no checking,25-44,2,0,1963.0,0.16666666666666666,2.0,61,1.0,1
180,yes,<0,65+,1,1,571.0,0.2916666666666667,4.0,63,1.0,1
181,yes,no checking,25-44,1,0,9572.0,0.5,1.0,62,0.0,0
182,yes,0<=X<200,25-44,1,0,4455.0,0.5,2.0,60,0.0,0
183,yes,<0,25-44,2,0,1647.0,0.2916666666666667,2.0,60,0.0,0
184,yes,no checking,45-64,1,1,3777.0,0.3333333333333333,4.0,60,1.0,1
185,yes,0<=X<200,25-44,2,1,884.0,0.25,4.0,63,0.0,0
186,yes,no checking,25-44,1,1,1360.0,0.20833333333333334,2.0,60,1.0,1
187,yes,0<=X<200,65+,2,0,5129.0,0.125,4.0,63,0.0,0
188,yes,0<=X<200,65+,1,1,1175.0,0.2222222222222222,3.0,64,1.0,1
189,yes,<0,18-24,1,0,674.0,0.16666666666666666,1.0,61,0.0,0
190,yes,0<=X<200,25-44,1,0,3244.0,0.25,4.0,60,1.0,1
191,yes,no checking,45-64,1,0,4591.0,0.3333333333333333,3.0,60,0.0,0
192,yes,0<=X<200,25-44,2,0,3844.0,0.6666666666666666,4.0,61,0.0,0
193,yes,0<=X<200,25-44,2,0,3915.0,0.375,2.0,60,0.0,0
194,yes,no checking,25-44,1,0,2108.0,0.08333333333333333,2.0,61,1.0,1
195,yes,0<=X<200,18-24,1,0,3031.0,0.625,4.0,60,0.0,0
196,yes,0<=X<200,25-44,1,1,1501.0,0.125,3.0,63,0.0,0
197,yes,no checking,25-44,1,1,1382.0,0.08333333333333333,1.0,60,1.0,1
198,yes,0<=X<200,25-44,1,0,951.0,0.16666666666666666,4.0,62,0.0,0
199,yes,0<=X<200,25-44,1,0,2760.0,0.3333333333333333,4.0,63,1.0,1
200,yes,0<=X<200,25-44,1,0,4297.0,0.25,3.0,63,0.0,0
201,yes,no checking,45-64,1,1,936.0,0.125,2.0,63,1.0,1
202,yes,<0,25-44,1,0,1168.0,0.16666666666666666,3.0,60,1.0,1
203,yes,no checking,25-44,1,0,5117.0,0.375,4.0,61,1.0,1
204,yes,<0,18-24,1,0,902.0,0.16666666666666666,4.0,61,0.0,0
205,yes,no checking,25-44,2,1,1495.0,0.16666666666666666,1.0,63,1.0,1
206,yes,<0,25-44,2,1,10623.0,0.4166666666666667,4.0,63,1.0,1
207,yes,no checking,25-44,1,1,1935.0,0.16666666666666666,4.0,63,1.0,1
208,yes,0<=X<200,25-44,1,1,1424.0,0.16666666666666666,3.0,61,1.0,1
209,yes,<0,18-24,1,0,6568.0,0.3333333333333333,2.0,60,1.0,1
210,no,no checking,45-64,1,0,1413.0,0.16666666666666666,2.0,61,1.0,1
211,yes,no checking,25-44,2,1,3074.0,0.125,2.0,60,1.0,1
212,yes,no checking,45-64,1,0,3835.0,0.5,4.0,63,1.0,1
213,yes,<0,45-64,1,0,5293.0,0.375,4.0,64,0.0,0
214,yes,>=200,65+,1,0,1908.0,0.4166666666666667,4.0,63,0.0,0
215,yes,no checking,45-64,1,1,3342.0,0.5,2.0,63,1.0,1
216,yes,0<=X<200,25-44,1,1,932.0,0.08333333333333333,3.0,61,1.0,1
217,yes,<0,25-44,1,0,3104.0,0.25,1.0,61,1.0,1
218,yes,>=200,18-24,1,0,3913.0,0.5,2.0,60,1.0,1
219,yes,<0,18-24,1,0,3021.0,0.3333333333333333,2.0,60,1.0,1
220,yes,no checking,45-64,1,0,1364.0,0.1388888888888889,4.0,60,1.0,1
221,yes,0<=X<200,25-44,1,0,625.0,0.16666666666666666,1.0,62,1.0,1
222,yes,<0,18-24,1,0,1200.0,0.16666666666666666,4.0,60,1.0,1
223,yes,no checking,25-44,1,0,707.0,0.16666666666666666,2.0,60,1.0,1
224,yes,no checking,25-44,2,0,2978.0,0.3333333333333333,4.0,60,1.0,1
225,yes,no checking,25-44,1,0,4657.0,0.20833333333333334,2.0,60,1.0,1
226,yes,no checking,25-44,1,0,2613.0,0.5,2.0,60,1.0,1
227,yes,0<=X<200,25-44,1,0,10961.0,0.6666666666666666,2.0,61,0.0,0
228,yes,<0,45-64,1,0,7865.0,0.16666666666666666,4.0,63,0.0,0
229,yes,no checking,18-24,1,0,1478.0,0.125,2.0,61,0.0,0
230,yes,<0,18-24,1,0,3149.0,0.3333333333333333,1.0,62,1.0,1
231,yes,>=200,25-44,1,0,4210.0,0.5,2.0,60,0.0,0
232,yes,no checking,45-64,1,0,2507.0,0.125,4.0,63,1.0,1
233,yes,no checking,25-44,1,0,2141.0,0.16666666666666666,1.0,61,1.0,1
234,yes,0<=X<200,25-44,1,0,866.0,0.25,2.0,60,1.0,1
235,yes,no checking,25-44,2,1,1544.0,0.05555555555555555,1.0,61,1.0,1
236,yes,<0,25-44,2,0,1823.0,0.3333333333333333,2.0,64,0.0,0
237,yes,0<=X<200,18-24,1,0,14555.0,0.08333333333333333,2.0,64,0.0,0
238,yes,0<=X<200,45-64,1,0,2767.0,0.2916666666666667,2.0,63,0.0,0
239,yes,no checking,25-44,1,1,1291.0,0.16666666666666666,2.0,60,1.0,1
240,yes,<0,25-44,2,0,2522.0,0.4166666666666667,3.0,63,1.0,1
241,yes,<0,25-44,1,0,915.0,0.3333333333333333,2.0,63,0.0,0
242,yes,no checking,45-64,2,0,1595.0,0.08333333333333333,2.0,61,1.0,1
243,yes,<0,18-24,2,0,4605.0,0.6666666666666666,4.0,63,0.0,0
244,yes,no checking,25-44,1,1,1185.0,0.16666666666666666,2.0,60,1.0,1
245,yes,no checking,25-44,2,0,3447.0,0.16666666666666666,3.0,60,1.0,1
246,yes,no checking,25-44,1,0,1258.0,0.3333333333333333,1.0,61,1.0,1
247,yes,no checking,45-64,1,1,717.0,0.16666666666666666,4.0,63,1.0,1
248,no,no checking,25-44,1,0,1204.0,0.08333333333333333,1.0,60,1.0,1
249,yes,>=200,25-44,1,0,1925.0,0.3333333333333333,2.0,60,1.0,1
250,yes,no checking,18-24,1,0,433.0,0.25,4.0,64,0.0,0
251,yes,<0,25-44,1,1,666.0,0.08333333333333333,4.0,61,1.0,1
252,yes,>=200,45-64,1,0,2251.0,0.16666666666666666,2.0,60,1.0,1
253,yes,0<=X<200,18-24,1,0,2150.0,0.4166666666666667,2.0,60,0.0,0
254,yes,no checking,25-44,1,0,4151.0,0.3333333333333333,3.0,60,1.0,1
255,yes,0<=X<200,18-24,1,0,2030.0,0.125,1.0,61,1.0,1
256,yes,0<=X<200,25-44,1,0,7418.0,0.8333333333333334,1.0,60,1.0,1
257,yes,no checking,25-44,1,1,2684.0,0.3333333333333333,2.0,60,1.0,1
258,yes,<0,25-44,1,0,2149.0,0.16666666666666666,1.0,60,0.0,0
259,yes,no checking,18-24,1,0,3812.0,0.20833333333333334,4.0,62,1.0,1
260,yes,no checking,45-64,1,1,1154.0,0.1527777777777778,4.0,64,1.0,1
261,yes,<0,25-44,1,0,1657.0,0.16666666666666666,2.0,60,1.0,1
262,yes,<0,45-64,1,0,1603.0,0.3333333333333333,4.0,63,1.0,1
263,yes,<0,25-44,1,1,5302.0,0.25,4.0,63,1.0,1
264,yes,no checking,45-64,1,1,2748.0,0.16666666666666666,4.0,63,1.0,1
265,no,no checking,25-44,2,1,1231.0,0.1388888888888889,4.0,63,1.0,1
266,yes,0<=X<200,25-44,2,0,802.0,0.20833333333333334,3.0,63,0.0,0
267,yes,no checking,25-44,1,1,6304.0,0.5,4.0,63,1.0,1
268,yes,no checking,25-44,1,0,1533.0,0.3333333333333333,3.0,62,1.0,1
269,no,<0,45-64,1,0,8978.0,0.19444444444444445,4.0,63,0.0,0
270,yes,no checking,25-44,1,0,999.0,0.3333333333333333,2.0,63,1.0,1
271,no,no checking,25-44,1,0,2662.0,0.25,3.0,61,1.0,1
272,yes,no checking,25-44,1,1,1402.0,0.16666666666666666,4.0,61,1.0,1
273,yes,0<=X<200,25-44,1,0,12169.0,0.6666666666666666,4.0,64,1.0,1
274,yes,0<=X<200,25-44,1,0,3060.0,0.6666666666666666,4.0,61,0.0,0
275,yes,<0,25-44,1,0,11998.0,0.4166666666666667,1.0,62,0.0,0
276,yes,no checking,25-44,2,0,2697.0,0.125,2.0,60,1.0,1
277,yes,no checking,25-44,1,1,2404.0,0.25,2.0,60,1.0,1
278,yes,<0,45-64,1,0,1262.0,0.16666666666666666,4.0,63,1.0,1
279,yes,no checking,25-44,1,0,4611.0,0.08333333333333333,4.0,62,0.0,0
280,yes,no checking,25-44,1,0,1901.0,0.3333333333333333,4.0,60,1.0,1
281,yes,no checking,18-24,1,1,3368.0,0.20833333333333334,4.0,63,1.0,1
282,yes,no checking,45-64,1,0,1574.0,0.16666666666666666,2.0,60,1.0,1
283,yes,>=200,45-64,1,0,1445.0,0.25,4.0,61,1.0,1
284,yes,no checking,45-64,1,1,1520.0,0.20833333333333334,4.0,63,1.0,1
285,yes,0<=X<200,25-44,1,1,3878.0,0.3333333333333333,2.0,62,1.0,1
286,yes,<0,25-44,1,0,10722.0,0.6527777777777778,1.0,62,1.0,1
287,yes,<0,25-44,2,0,4788.0,0.6666666666666666,3.0,61,1.0,1
288,yes,0<=X<200,25-44,1,0,7582.0,0.6666666666666666,4.0,64,1.0,1
289,yes,0<=X<200,45-64,1,0,1092.0,0.16666666666666666,4.0,60,1.0,1
290,yes,<0,45-64,1,0,1024.0,0.3333333333333333,4.0,62,0.0,0
291,no,no checking,25-44,1,0,1076.0,0.16666666666666666,2.0,60,1.0,1
292,yes,0<=X<200,25-44,1,0,9398.0,0.5,4.0,62,0.0,0
293,yes,<0,25-44,2,1,6419.0,0.3333333333333333,4.0,63,1.0,1
294,yes,>=200,45-64,1,1,4796.0,0.5833333333333334,4.0,63,1.0,1
295,yes,no checking,45-64,2,1,7629.0,0.6666666666666666,2.0,63,1.0,1
296,yes,0<=X<200,25-44,1,0,9960.0,0.6666666666666666,2.0,62,0.0,0
297,yes,no checking,18-24,1,0,4675.0,0.16666666666666666,4.0,62,1.0,1
298,no,no checking,45-64,1,0,1287.0,0.1388888888888889,2.0,63,1.0,1
299,yes,no checking,25-44,1,0,2515.0,0.25,4.0,60,1.0,1
300,yes,0<=X<200,25-44,1,1,2745.0,0.2916666666666667,2.0,61,1.0,1
301,yes,no checking,45-64,1,0,672.0,0.08333333333333333,4.0,64,1.0,1
302,yes,0<=X<200,25-44,1,0,3804.0,0.5,1.0,60,0.0,0
303,yes,>=200,25-44,2,1,1344.0,0.3333333333333333,2.0,61,0.0,0
304,yes,<0,45-64,1,1,1038.0,0.1388888888888889,3.0,61,1.0,1
305,yes,no checking,25-44,1,1,10127.0,0.6666666666666666,2.0,60,0.0,0
306,yes,no checking,25-44,1,0,1543.0,0.08333333333333333,2.0,60,1.0,1
307,yes,no checking,18-24,1,0,4811.0,0.4166666666666667,4.0,61,1.0,1
308,yes,<0,25-44,1,0,727.0,0.16666666666666666,3.0,62,0.0,0
309,yes,0<=X<200,18-24,1,0,1237.0,0.1111111111111111,4.0,60,0.0,0
310,yes,0<=X<200,18-24,1,0,276.0,0.125,4.0,60,1.0,1
311,yes,0<=X<200,25-44,1,0,5381.0,0.6666666666666666,4.0,64,1.0,1
312,yes,no checking,25-44,1,0,5511.0,0.3333333333333333,1.0,60,1.0,1
313,yes,>=200,25-44,1,0,3749.0,0.3333333333333333,4.0,62,1.0,1
314,yes,0<=X<200,25-44,1,0,685.0,0.16666666666666666,3.0,61,0.0,0
315,no,>=200,25-44,2,0,1494.0,0.05555555555555555,2.0,62,1.0,1
316,yes,<0,25-44,1,0,2746.0,0.5,4.0,63,0.0,0
317,yes,<0,25-44,2,0,708.0,0.16666666666666666,3.0,60,1.0,1
318,yes,0<=X<200,45-64,1,0,4351.0,0.3333333333333333,4.0,60,1.0,1
319,yes,no checking,25-44,1,1,701.0,0.16666666666666666,2.0,60,1.0,1
320,yes,<0,25-44,1,0,3643.0,0.20833333333333334,4.0,63,1.0,1
321,yes,0<=X<200,25-44,1,1,4249.0,0.4166666666666667,2.0,64,0.0,0
322,yes,<0,25-44,1,0,1938.0,0.3333333333333333,3.0,62,0.0,0
323,yes,<0,25-44,1,0,2910.0,0.3333333333333333,1.0,61,1.0,1
324,yes,<0,25-44,1,0,2659.0,0.25,2.0,60,1.0,1
325,yes,no checking,25-44,1,1,1028.0,0.25,3.0,60,1.0,1
326,no,<0,25-44,1,1,3398.0,0.1111111111111111,4.0,61,1.0,1
327,yes,no checking,45-64,1,1,5801.0,0.16666666666666666,4.0,63,1.0,1
328,yes,no checking,25-44,2,0,1525.0,0.3333333333333333,3.0,61,1.0,1
329,yes,>=200,25-44,1,0,4473.0,0.5,2.0,63,1.0,1
330,yes,0<=X<200,25-44,2,0,1068.0,0.08333333333333333,4.0,63,1.0,1
331,yes,<0,65+,1,1,6615.0,0.3333333333333333,4.0,64,1.0,1
332,yes,no checking,25-44,1,1,1864.0,0.25,2.0,60,0.0,0
333,yes,0<=X<200,18-24,1,0,7408.0,0.8333333333333334,2.0,62,0.0,0
334,yes,no checking,18-24,1,1,11590.0,0.6666666666666666,4.0,60,0.0,0
335,yes,<0,18-24,2,0,4110.0,0.3333333333333333,4.0,63,0.0,0
336,yes,<0,25-44,1,1,3384.0,0.08333333333333333,4.0,60,0.0,0
337,yes,0<=X<200,18-24,1,0,2101.0,0.18055555555555555,4.0,62,1.0,1
338,yes,<0,18-24,1,0,1275.0,0.20833333333333334,2.0,60,0.0,0
339,yes,<0,25-44,1,0,4169.0,0.3333333333333333,4.0,60,1.0,1
340,yes,0<=X<200,25-44,1,0,1521.0,0.1388888888888889,2.0,60,1.0,1
341,yes,0<=X<200,18-24,1,1,5743.0,0.3333333333333333,4.0,62,1.0,1
342,yes,<0,25-44,1,0,3599.0,0.2916666666666667,4.0,61,1.0,1
343,yes,0<=X<200,25-44,1,0,3213.0,0.25,3.0,62,1.0,1
344,yes,0<=X<200,25-44,1,0,4439.0,0.25,1.0,63,1.0,1
345,yes,>=200,25-44,2,0,3949.0,0.1388888888888889,1.0,62,1.0,1
346,yes,no checking,25-44,1,1,1459.0,0.20833333333333334,2.0,60,1.0,1
347,yes,0<=X<200,18-24,1,1,882.0,0.18055555555555555,4.0,62,1.0,1
348,yes,0<=X<200,18-24,1,0,3758.0,0.3333333333333333,4.0,64,1.0,1
349,yes,no checking,25-44,1,0,1743.0,0.08333333333333333,2.0,60,1.0,1
350,yes,0<=X<200,25-44,2,1,1136.0,0.125,3.0,63,0.0,0
351,yes,no checking,18-24,1,0,1236.0,0.125,4.0,62,1.0,1
352,no,0<=X<200,25-44,1,0,959.0,0.125,2.0,60,0.0,0
353,yes,no checking,25-44,1,1,3229.0,0.25,4.0,64,1.0,1
354,yes,<0,25-44,1,0,6199.0,0.16666666666666666,2.0,60,0.0,0
355,yes,no checking,45-64,1,0,727.0,0.1388888888888889,4.0,63,1.0,1
356,yes,0<=X<200,18-24,1,0,1246.0,0.3333333333333333,2.0,62,0.0,0
357,yes,no checking,45-64,1,1,2331.0,0.16666666666666666,4.0,63,1.0,1
358,yes,no checking,25-44,1,0,4463.0,0.5,2.0,60,0.0,0
359,yes,no checking,25-44,1,0,776.0,0.16666666666666666,2.0,60,1.0,1
360,yes,<0,18-24,1,0,2406.0,0.4166666666666667,4.0,61,0.0,0
361,yes,0<=X<200,45-64,1,0,1239.0,0.25,4.0,60,1.0,1
362,yes,>=200,25-44,1,0,3399.0,0.16666666666666666,3.0,63,1.0,1
363,yes,>=200,25-44,1,0,2247.0,0.16666666666666666,2.0,60,1.0,1
364,yes,no checking,18-24,1,0,1766.0,0.08333333333333333,2.0,60,1.0,1
365,yes,<0,25-44,1,0,2473.0,0.25,1.0,64,0.0,0
366,yes,no checking,25-44,1,0,1542.0,0.16666666666666666,4.0,61,1.0,1
367,yes,no checking,25-44,1,1,3850.0,0.25,1.0,61,1.0,1
368,yes,<0,18-24,1,0,3650.0,0.25,4.0,62,1.0,1
369,yes,<0,25-44,2,0,3446.0,0.5,2.0,63,0.0,0
370,yes,0<=X<200,25-44,1,0,3001.0,0.25,4.0,61,1.0,1
371,yes,no checking,25-44,1,0,3079.0,0.5,4.0,60,1.0,1
372,yes,no checking,25-44,1,1,6070.0,0.25,4.0,63,1.0,1
373,yes,no checking,18-24,1,1,2146.0,0.1388888888888889,3.0,62,1.0,1
374,yes,no checking,45-64,1,1,13756.0,0.8333333333333334,4.0,63,1.0,1
375,yes,0<=X<200,45-64,1,0,14782.0,0.8333333333333334,4.0,63,0.0,0
376,yes,<0,25-44,1,0,7685.0,0.6666666666666666,4.0,61,0.0,0
377,yes,no checking,25-44,1,0,2320.0,0.25,3.0,64,1.0,1
378,yes,no checking,25-44,1,0,846.0,0.09722222222222222,4.0,63,1.0,1
379,yes,0<=X<200,45-64,1,0,14318.0,0.5,2.0,63,0.0,0
380,yes,no checking,45-64,1,1,362.0,0.08333333333333333,4.0,60,1.0,1
381,yes,<0,25-44,1,0,2212.0,0.2777777777777778,4.0,61,1.0,1
382,yes,0<=X<200,25-44,1,0,12976.0,0.25,4.0,64,0.0,0
383,yes,no checking,25-44,1,0,1283.0,0.3055555555555556,4.0,61,1.0,1
384,yes,>=200,25-44,1,0,1330.0,0.16666666666666666,1.0,62,1.0,1
385,yes,no checking,25-44,1,0,4272.0,0.4166666666666667,2.0,60,1.0,1
386,yes,no checking,25-44,1,1,2238.0,0.25,1.0,60,1.0,1
387,yes,no checking,18-24,1,0,1126.0,0.25,2.0,62,1.0,1
388,yes,0<=X<200,25-44,1,1,7374.0,0.25,4.0,64,1.0,1
389,yes,0<=X<200,25-44,1,1,2326.0,0.20833333333333334,4.0,60,1.0,1
390,yes,no checking,25-44,1,0,1449.0,0.125,2.0,61,1.0,1
391,yes,no checking,25-44,1,0,1820.0,0.25,2.0,60,1.0,1
392,yes,0<=X<200,18-24,1,0,983.0,0.16666666666666666,4.0,62,1.0,1
393,yes,<0,25-44,2,0,3249.0,0.5,4.0,61,1.0,1
394,yes,<0,25-44,1,1,1957.0,0.08333333333333333,4.0,61,1.0,1
395,yes,no checking,25-44,1,1,2406.0,0.125,3.0,64,1.0,1
396,yes,0<=X<200,25-44,1,0,11760.0,0.5416666666666666,3.0,61,1.0,1
397,yes,<0,45-64,1,0,2578.0,0.16666666666666666,4.0,64,1.0,1
398,yes,<0,45-64,1,1,2348.0,0.5,2.0,60,1.0,1
399,yes,0<=X<200,45-64,1,0,1223.0,0.16666666666666666,1.0,63,0.0,0
400,yes,no checking,25-44,1,1,1516.0,0.3333333333333333,1.0,60,1.0,1
401,yes,no checking,25-44,1,0,1473.0,0.25,4.0,62,1.0,1
402,yes,0<=X<200,25-44,1,1,1887.0,0.25,4.0,60,1.0,1
403,yes,no checking,25-44,1,0,8648.0,0.3333333333333333,2.0,62,0.0,0
404,yes,no checking,25-44,1,0,802.0,0.19444444444444445,2.0,60,1.0,1
405,yes,0<=X<200,25-44,2,0,2899.0,0.25,4.0,63,1.0,1
406,yes,0<=X<200,18-24,1,0,2039.0,0.3333333333333333,1.0,62,0.0,0
407,yes,no checking,25-44,2,1,2197.0,0.3333333333333333,4.0,61,1.0,1
408,no,<0,25-44,1,0,1053.0,0.20833333333333334,2.0,62,1.0,1
409,yes,no checking,25-44,1,0,3235.0,0.3333333333333333,2.0,63,1.0,1
410,yes,>=200,25-44,1,1,939.0,0.16666666666666666,2.0,61,0.0,0
411,yes,0<=X<200,18-24,1,0,1967.0,0.3333333333333333,4.0,63,1.0,1
412,yes,no checking,25-44,1,1,7253.0,0.4583333333333333,2.0,61,1.0,1
413,yes,no checking,25-44,1,1,2292.0,0.16666666666666666,2.0,64,0.0,0
414,no,no checking,25-44,2,0,1597.0,0.1388888888888889,2.0,60,1.0,1
415,yes,<0,25-44,1,0,1381.0,0.3333333333333333,2.0,60,0.0,0
416,yes,no checking,25-44,2,1,5842.0,0.5,2.0,63,1.0,1
417,yes,<0,25-44,2,0,2579.0,0.16666666666666666,1.0,62,0.0,0
418,yes,<0,18-24,1,0,8471.0,0.25,2.0,60,1.0,1
419,yes,no checking,25-44,1,0,2782.0,0.2916666666666667,2.0,61,1.0,1
420,yes,0<=X<200,25-44,1,0,1042.0,0.25,2.0,60,0.0,0
421,yes,no checking,18-24,1,0,3186.0,0.20833333333333334,3.0,61,1.0,1
422,yes,0<=X<200,25-44,1,0,2028.0,0.16666666666666666,2.0,60,1.0,1
423,yes,0<=X<200,45-64,2,1,958.0,0.16666666666666666,3.0,61,1.0,1
424,yes,no checking,25-44,1,0,1591.0,0.2916666666666667,3.0,61,1.0,1
425,yes,0<=X<200,25-44,1,0,2762.0,0.16666666666666666,2.0,63,0.0,0
426,yes,0<=X<200,18-24,1,0,2779.0,0.25,3.0,60,1.0,1
427,yes,no checking,25-44,1,1,2743.0,0.3888888888888889,2.0,63,1.0,1
428,yes,no checking,45-64,1,1,1149.0,0.25,3.0,60,1.0,1
429,yes,no checking,18-24,1,0,1313.0,0.125,4.0,63,1.0,1
430,yes,<0,45-64,2,1,1190.0,0.25,4.0,64,0.0,0
431,yes,no checking,65+,1,0,3448.0,0.06944444444444445,4.0,61,1.0,1
432,yes,0<=X<200,25-44,1,0,11328.0,0.3333333333333333,3.0,60,0.0,0
433,yes,<0,25-44,1,1,1872.0,0.08333333333333333,4.0,64,1.0,1
434,yes,no checking,25-44,1,1,2058.0,0.3333333333333333,2.0,60,1.0,1
435,yes,<0,25-44,1,0,2136.0,0.125,2.0,60,1.0,1
436,yes,0<=X<200,25-44,1,0,1484.0,0.16666666666666666,1.0,60,0.0,0
437,yes,no checking,18-24,1,0,660.0,0.08333333333333333,4.0,61,1.0,1
438,yes,no checking,25-44,1,1,1287.0,0.3333333333333333,4.0,63,1.0,1
439,yes,<0,65+,1,1,3394.0,0.5833333333333334,4.0,64,1.0,1
440,yes,>=200,25-44,1,0,609.0,0.16666666666666666,1.0,62,0.0,0
441,yes,no checking,25-44,1,0,1884.0,0.16666666666666666,4.0,63,1.0,1
442,yes,<0,25-44,1,0,1620.0,0.16666666666666666,3.0,60,1.0,1
443,yes,0<=X<200,25-44,1,0,2629.0,0.2777777777777778,3.0,60,1.0,1
444,yes,no checking,25-44,2,0,719.0,0.16666666666666666,4.0,63,0.0,0
445,yes,0<=X<200,25-44,1,1,5096.0,0.6666666666666666,3.0,60,0.0,0
446,yes,no checking,25-44,1,1,1244.0,0.125,4.0,63,1.0,1
447,yes,<0,25-44,1,0,1842.0,0.5,4.0,62,0.0,0
448,yes,0<=X<200,25-44,1,0,2576.0,0.09722222222222222,2.0,60,1.0,1
449,yes,>=200,45-64,1,0,1424.0,0.16666666666666666,4.0,63,1.0,1
450,yes,0<=X<200,45-64,1,0,1512.0,0.20833333333333334,3.0,60,0.0,0
451,yes,no checking,25-44,1,1,11054.0,0.5,2.0,60,1.0,1
452,yes,no checking,25-44,1,0,518.0,0.08333333333333333,1.0,60,1.0,1
453,yes,no checking,25-44,1,0,2759.0,0.16666666666666666,4.0,63,1.0,1
454,yes,no checking,25-44,1,0,2670.0,0.3333333333333333,4.0,63,1.0,1
455,yes,<0,25-44,1,0,4817.0,0.3333333333333333,3.0,61,0.0,0
456,yes,no checking,25-44,1,0,2679.0,0.3333333333333333,1.0,62,1.0,1
457,yes,<0,25-44,2,1,3905.0,0.1527777777777778,2.0,60,1.0,1
458,yes,<0,25-44,1,0,3386.0,0.16666666666666666,4.0,63,0.0,0
459,yes,<0,25-44,1,0,343.0,0.08333333333333333,1.0,62,1.0,1
460,yes,no checking,25-44,1,0,4594.0,0.25,2.0,62,1.0,1
461,yes,<0,25-44,2,0,3620.0,0.5,2.0,60,1.0,1
462,yes,<0,25-44,1,0,1721.0,0.20833333333333334,3.0,62,1.0,1
463,yes,0<=X<200,25-44,1,0,3017.0,0.16666666666666666,1.0,62,1.0,1
464,yes,0<=X<200,25-44,1,0,754.0,0.16666666666666666,4.0,63,1.0,1
465,yes,no checking,25-44,1,0,1950.0,0.25,1.0,61,1.0,1
466,yes,<0,45-64,2,0,2924.0,0.3333333333333333,4.0,60,1.0,1
467,yes,<0,25-44,1,0,1659.0,0.3333333333333333,2.0,62,0.0,0
468,yes,no checking,25-44,2,0,7238.0,0.6666666666666666,3.0,63,1.0,1
469,yes,no checking,25-44,1,0,2764.0,0.4583333333333333,2.0,60,1.0,1
470,yes,no checking,25-44,1,0,4679.0,0.3333333333333333,3.0,61,1.0,1
471,yes,0<=X<200,18-24,1,0,3092.0,0.3333333333333333,2.0,62,0.0,0
472,yes,<0,18-24,1,0,448.0,0.08333333333333333,4.0,62,0.0,0
473,yes,<0,25-44,1,0,654.0,0.125,3.0,60,0.0,0
474,yes,no checking,25-44,2,0,1238.0,0.08333333333333333,4.0,64,1.0,1
475,yes,0<=X<200,25-44,1,1,1245.0,0.25,2.0,60,0.0,0
476,yes,<0,25-44,1,0,3114.0,0.25,4.0,62,0.0,0
477,yes,no checking,18-24,1,0,2569.0,0.5416666666666666,4.0,60,1.0,1
478,yes,>=200,25-44,1,0,5152.0,0.3333333333333333,2.0,61,1.0,1
479,yes,0<=X<200,25-44,1,0,1037.0,0.16666666666666666,4.0,61,1.0,1
480,yes,<0,25-44,2,1,1478.0,0.20833333333333334,4.0,63,1.0,1
481,yes,0<=X<200,18-24,1,1,3573.0,0.16666666666666666,1.0,60,1.0,1
482,yes,0<=X<200,25-44,1,0,1201.0,0.3333333333333333,1.0,62,1.0,1
483,yes,<0,45-64,1,0,3622.0,0.4166666666666667,4.0,63,1.0,1
484,yes,no checking,25-44,1,0,960.0,0.20833333333333334,2.0,61,1.0,1
485,yes,no checking,25-44,1,1,1163.0,0.16666666666666666,4.0,60,1.0,1
486,yes,0<=X<200,45-64,1,0,1209.0,0.08333333333333333,4.0,64,0.0,0
487,yes,no checking,45-64,1,0,3077.0,0.16666666666666666,4.0,60,1.0,1
488,yes,no checking,45-64,1,0,3757.0,0.3333333333333333,4.0,63,1.0,1
489,no,no checking,25-44,1,0,1418.0,0.1388888888888889,2.0,60,1.0,1
490,yes,no checking,25-44,1,0,3518.0,0.08333333333333333,3.0,60,1.0,1
491,yes,no checking,25-44,1,1,1934.0,0.16666666666666666,2.0,63,1.0,1
492,yes,0<=X<200,25-44,1,0,8318.0,0.375,4.0,63,0.0,0
493,yes,no checking,25-44,1,1,1237.0,0.08333333333333333,1.0,60,1.0,1
494,yes,0<=X<200,25-44,1,0,368.0,0.08333333333333333,4.0,63,1.0,1
495,no,<0,25-44,2,1,2122.0,0.16666666666666666,2.0,60,1.0,1
496,yes,<0,18-24,1,0,2996.0,0.3333333333333333,4.0,60,0.0,0
497,yes,0<=X<200,25-44,1,0,9034.0,0.5,1.0,62,0.0,0
498,yes,no checking,25-44,1,1,1585.0,0.3333333333333333,3.0,61,1.0,1
499,yes,0<=X<200,25-44,1,0,1301.0,0.25,2.0,63,1.0,1
500,yes,>=200,25-44,2,1,1323.0,0.08333333333333333,4.0,63,1.0,1
501,yes,<0,25-44,1,0,3123.0,0.3333333333333333,1.0,62,0.0,0
502,yes,<0,25-44,2,0,5493.0,0.5,4.0,63,1.0,1
503,yes,>=200,45-64,1,0,1126.0,0.125,4.0,63,1.0,1
504,yes,0<=X<200,25-44,2,1,1216.0,0.3333333333333333,4.0,62,0.0,0
505,yes,<0,18-24,1,0,1207.0,0.3333333333333333,4.0,62,0.0,0
506,yes,no checking,25-44,1,0,1309.0,0.1388888888888889,4.0,60,0.0,0
507,yes,>=200,25-44,1,1,2360.0,0.20833333333333334,2.0,60,1.0,1
508,yes,0<=X<200,25-44,2,0,6850.0,0.20833333333333334,2.0,64,0.0,0
509,yes,no checking,25-44,1,0,1413.0,0.3333333333333333,2.0,60,1.0,1
510,yes,no checking,45-64,1,0,8588.0,0.5416666666666666,2.0,63,1.0,1
511,yes,<0,25-44,1,0,759.0,0.16666666666666666,2.0,61,0.0,0
512,yes,no checking,25-44,1,0,4686.0,0.5,2.0,60,1.0,1
513,yes,>=200,25-44,1,0,2687.0,0.20833333333333334,4.0,61,1.0,1
514,yes,0<=X<200,18-24,1,0,585.0,0.16666666666666666,4.0,60,1.0,1
515,yes,no checking,45-64,1,0,2255.0,0.3333333333333333,1.0,62,1.0,1
516,no,<0,25-44,1,1,609.0,0.08333333333333333,3.0,61,1.0,1
517,no,<0,25-44,2,1,1361.0,0.08333333333333333,4.0,62,1.0,1
518,yes,no checking,18-24,1,1,7127.0,0.5,4.0,62,0.0,0
519,yes,<0,25-44,1,0,1203.0,0.08333333333333333,2.0,63,1.0,1
520,yes,no checking,25-44,1,1,700.0,0.08333333333333333,4.0,63,1.0,1
521,yes,no checking,25-44,1,1,5507.0,0.3333333333333333,4.0,63,1.0,1
522,yes,<0,18-24,1,0,3190.0,0.25,2.0,60,0.0,0
523,yes,<0,45-64,2,0,7119.0,0.6666666666666666,4.0,60,0.0,0
524,yes,no checking,18-24,1,0,3488.0,0.3333333333333333,4.0,61,1.0,1
525,yes,0<=X<200,25-44,2,0,1113.0,0.25,4.0,60,1.0,1
526,yes,0<=X<200,25-44,1,0,7966.0,0.3611111111111111,3.0,62,1.0,1
527,yes,no checking,25-44,1,1,1532.0,0.20833333333333334,3.0,60,1.0,1
528,yes,no checking,25-44,2,1,1503.0,0.05555555555555555,1.0,61,1.0,1
529,yes,<0,25-44,1,0,2302.0,0.5,4.0,60,0.0,0
530,yes,<0,25-44,2,0,662.0,0.08333333333333333,4.0,62,1.0,1
531,yes,0<=X<200,25-44,2,0,2273.0,0.5,1.0,61,1.0,1
532,yes,0<=X<200,25-44,1,0,2631.0,0.20833333333333334,4.0,60,0.0,0
533,yes,no checking,25-44,1,0,1503.0,0.16666666666666666,4.0,60,1.0,1
534,yes,no checking,25-44,1,0,1311.0,0.3333333333333333,3.0,61,1.0,1
535,yes,no checking,25-44,1,0,3105.0,0.3333333333333333,2.0,62,1.0,1
536,yes,>=200,25-44,1,1,2319.0,0.2916666666666667,1.0,62,0.0,0
537,yes,<0,65+,1,0,1374.0,0.08333333333333333,3.0,64,1.0,1
538,yes,0<=X<200,25-44,1,1,3612.0,0.25,4.0,63,1.0,1
539,yes,<0,25-44,1,0,7763.0,0.6666666666666666,4.0,63,0.0,0
540,yes,>=200,45-64,1,0,3049.0,0.25,1.0,62,1.0,1
541,yes,0<=X<200,18-24,1,0,1534.0,0.16666666666666666,1.0,62,0.0,0
542,yes,no checking,45-64,1,0,2032.0,0.3333333333333333,4.0,63,1.0,1
543,yes,<0,25-44,1,0,6350.0,0.4166666666666667,4.0,63,0.0,0
544,yes,>=200,25-44,2,0,2864.0,0.25,1.0,60,0.0,0
545,yes,no checking,45-64,1,1,1255.0,0.16666666666666666,4.0,63,1.0,1
546,yes,<0,25-44,2,0,1333.0,0.3333333333333333,2.0,64,0.0,0
547,yes,no checking,25-44,1,1,2022.0,0.3333333333333333,4.0,60,1.0,1
548,yes,no checking,25-44,2,0,1552.0,0.3333333333333333,1.0,61,1.0,1
549,yes,<0,18-24,1,0,626.0,0.16666666666666666,4.0,60,0.0,0
550,yes,no checking,25-44,1,1,8858.0,0.6666666666666666,1.0,61,1.0,1
551,yes,no checking,18-24,1,1,996.0,0.16666666666666666,4.0,61,1.0,1
552,yes,no checking,45-64,2,0,1750.0,0.08333333333333333,4.0,63,1.0,1
553,yes,<0,25-44,1,0,6999.0,0.6666666666666666,1.0,61,0.0,0
554,yes,0<=X<200,25-44,1,1,1995.0,0.16666666666666666,1.0,62,1.0,1
555,yes,0<=X<200,65+,1,0,1199.0,0.125,4.0,61,1.0,1
556,yes,0<=X<200,18-24,1,0,1331.0,0.16666666666666666,1.0,62,0.0,0
557,yes,0<=X<200,25-44,1,0,2278.0,0.25,3.0,62,0.0,0
558,yes,no checking,25-44,1,0,5003.0,0.2916666666666667,4.0,60,0.0,0
559,yes,<0,25-44,1,0,3552.0,0.3333333333333333,4.0,61,0.0,0
560,yes,0<=X<200,25-44,1,1,1928.0,0.25,2.0,62,0.0,0
561,yes,<0,45-64,2,0,2964.0,0.3333333333333333,4.0,63,1.0,1
562,yes,<0,18-24,1,0,1546.0,0.3333333333333333,4.0,61,0.0,0
563,yes,>=200,25-44,1,0,683.0,0.08333333333333333,1.0,62,1.0,1
564,yes,0<=X<200,25-44,1,0,12389.0,0.5,4.0,60,0.0,0
565,yes,0<=X<200,25-44,1,0,4712.0,0.3333333333333333,2.0,60,1.0,1
566,yes,0<=X<200,18-24,1,0,1553.0,0.3333333333333333,2.0,61,1.0,1
567,yes,<0,25-44,1,0,1372.0,0.16666666666666666,3.0,61,0.0,0
568,yes,no checking,25-44,1,1,2578.0,0.3333333333333333,2.0,63,1.0,1
569,yes,0<=X<200,25-44,2,0,3979.0,0.6666666666666666,1.0,61,1.0,1
570,yes,<0,25-44,1,0,6758.0,0.6666666666666666,2.0,60,0.0,0
571,yes,<0,18-24,1,0,3234.0,0.3333333333333333,4.0,62,0.0,0
572,yes,no checking,25-44,1,1,5954.0,0.4166666666666667,2.0,61,1.0,1
573,yes,no checking,25-44,1,0,5433.0,0.3333333333333333,4.0,64,1.0,1
574,yes,<0,18-24,1,0,806.0,0.20833333333333334,4.0,60,1.0,1
575,yes,0<=X<200,25-44,1,0,1082.0,0.125,4.0,63,1.0,1
576,yes,no checking,18-24,1,1,2788.0,0.20833333333333334,3.0,61,1.0,1
577,yes,0<=X<200,25-44,1,0,2930.0,0.16666666666666666,1.0,61,1.0,1
578,yes,no checking,25-44,1,1,1927.0,0.3333333333333333,2.0,60,1.0,1
579,yes,0<=X<200,25-44,1,1,2820.0,0.5,4.0,62,0.0,0
580,yes,no checking,25-44,1,0,937.0,0.3333333333333333,3.0,62,1.0,1
581,yes,0<=X<200,25-44,1,1,1056.0,0.25,3.0,63,0.0,0
582,yes,0<=X<200,45-64,2,1,3124.0,0.16666666666666666,3.0,62,1.0,1
583,yes,no checking,25-44,1,0,1388.0,0.125,2.0,60,1.0,1
584,yes,0<=X<200,25-44,1,0,2384.0,0.5,1.0,62,0.0,0
585,yes,no checking,45-64,1,0,2133.0,0.16666666666666666,4.0,63,1.0,1
586,yes,<0,18-24,1,0,2039.0,0.25,4.0,60,0.0,0
587,yes,<0,25-44,2,1,2799.0,0.125,2.0,60,1.0,1
588,yes,<0,18-24,1,0,1289.0,0.16666666666666666,1.0,60,1.0,1
589,yes,<0,45-64,1,0,1217.0,0.25,3.0,60,0.0,0
590,yes,<0,45-64,1,1,2246.0,0.16666666666666666,3.0,63,0.0,0
591,yes,<0,45-64,1,1,385.0,0.16666666666666666,3.0,61,1.0,1
592,yes,0<=X<200,25-44,1,0,1965.0,0.3333333333333333,4.0,60,1.0,1
593,yes,no checking,25-44,1,0,1572.0,0.2916666666666667,4.0,63,1.0,1
594,yes,0<=X<200,18-24,1,0,2718.0,0.3333333333333333,4.0,60,0.0,0
595,yes,<0,25-44,1,0,1358.0,0.3333333333333333,3.0,63,0.0,0
596,yes,0<=X<200,25-44,1,0,931.0,0.08333333333333333,1.0,62,0.0,0
597,yes,<0,18-24,1,0,1442.0,0.3333333333333333,4.0,61,0.0,0
598,yes,0<=X<200,25-44,1,0,4241.0,0.3333333333333333,4.0,60,0.0,0
599,yes,no checking,25-44,1,1,2775.0,0.25,2.0,61,0.0,0
600,yes,no checking,25-44,1,0,3863.0,0.3333333333333333,2.0,60,1.0,1
601,yes,0<=X<200,45-64,1,0,2329.0,0.09722222222222222,1.0,62,1.0,1
602,yes,0<=X<200,25-44,1,0,918.0,0.125,1.0,60,0.0,0
603,yes,0<=X<200,25-44,1,0,1837.0,0.3333333333333333,4.0,61,0.0,0
604,yes,no checking,25-44,1,0,3349.0,0.5,2.0,60,0.0,0
605,yes,>=200,18-24,1,0,1275.0,0.1388888888888889,2.0,62,1.0,1
606,yes,<0,18-24,1,0,2828.0,0.3333333333333333,4.0,60,1.0,1
607,yes,no checking,65+,1,1,4526.0,0.3333333333333333,2.0,60,1.0,1
608,yes,0<=X<200,45-64,1,0,2671.0,0.5,4.0,60,0.0,0
609,yes,no checking,25-44,1,0,2051.0,0.25,1.0,62,1.0,1
610,yes,no checking,45-64,2,0,1300.0,0.20833333333333334,4.0,63,1.0,1
611,yes,<0,18-24,1,0,741.0,0.16666666666666666,3.0,64,0.0,0
612,yes,>=200,45-64,2,0,1240.0,0.1388888888888889,4.0,63,0.0,0
613,yes,<0,25-44,1,0,3357.0,0.2916666666666667,2.0,62,1.0,1
614,no,<0,18-24,1,0,3632.0,0.3333333333333333,4.0,60,1.0,1
615,yes,no checking,18-24,1,0,1808.0,0.25,1.0,61,0.0,0
616,yes,0<=X<200,45-64,1,0,12204.0,0.6666666666666666,2.0,60,1.0,1
617,yes,0<=X<200,25-44,1,0,9157.0,0.8333333333333334,2.0,60,1.0,1
618,yes,<0,25-44,2,1,3676.0,0.08333333333333333,3.0,60,1.0,1
619,yes,0<=X<200,18-24,1,0,3441.0,0.4166666666666667,4.0,60,0.0,0
620,yes,no checking,45-64,1,0,640.0,0.16666666666666666,2.0,60,1.0,1
621,yes,0<=X<200,25-44,1,1,3652.0,0.2916666666666667,3.0,61,1.0,1
622,yes,no checking,25-44,1,1,1530.0,0.25,2.0,60,0.0,0
623,yes,no checking,25-44,1,0,3914.0,0.6666666666666666,2.0,60,0.0,0
624,yes,<0,18-24,1,0,1858.0,0.16666666666666666,1.0,62,1.0,1
625,yes,<0,65+,1,0,2600.0,0.25,4.0,60,0.0,0
626,yes,no checking,25-44,1,0,1979.0,0.20833333333333334,2.0,63,1.0,1
627,yes,>=200,25-44,1,0,2116.0,0.08333333333333333,2.0,60,1.0,1
628,yes,0<=X<200,25-44,1,0,1437.0,0.125,3.0,61,0.0,0
629,yes,no checking,25-44,1,1,4042.0,0.5833333333333334,4.0,60,1.0,1
630,yes,no checking,45-64,1,0,3832.0,0.125,4.0,63,1.0,1
631,yes,<0,25-44,1,0,3660.0,0.3333333333333333,4.0,60,1.0,1
632,yes,<0,25-44,1,0,1553.0,0.25,3.0,60,0.0,0
633,yes,0<=X<200,18-24,1,0,1444.0,0.20833333333333334,1.0,62,1.0,1
634,yes,no checking,18-24,1,0,1980.0,0.125,2.0,62,0.0,0
635,yes,0<=X<200,25-44,1,0,1355.0,0.3333333333333333,4.0,62,0.0,0
636,yes,no checking,45-64,2,0,1393.0,0.16666666666666666,4.0,63,1.0,1
637,yes,no checking,25-44,1,0,1376.0,0.3333333333333333,1.0,61,1.0,1
638,yes,no checking,18-24,1,0,15653.0,0.8333333333333334,4.0,61,1.0,1
639,yes,no checking,25-44,2,0,1493.0,0.16666666666666666,3.0,62,1.0,1
640,yes,<0,25-44,2,0,4370.0,0.5833333333333334,2.0,61,0.0,0
641,yes,<0,25-44,1,0,750.0,0.25,1.0,64,0.0,0
642,yes,0<=X<200,25-44,1,0,1308.0,0.20833333333333334,4.0,63,1.0,1
643,yes,no checking,25-44,1,0,4623.0,0.20833333333333334,2.0,60,0.0,0
644,yes,no checking,25-44,1,1,1851.0,0.3333333333333333,2.0,61,1.0,1
645,yes,<0,25-44,1,1,1880.0,0.25,1.0,61,1.0,1
646,yes,no checking,25-44,1,0,7980.0,0.5,4.0,62,0.0,0
647,yes,<0,25-44,1,0,4583.0,0.4166666666666667,2.0,60,1.0,1
648,yes,no checking,25-44,1,0,1386.0,0.16666666666666666,2.0,60,0.0,0
649,yes,>=200,25-44,2,0,947.0,0.3333333333333333,3.0,61,0.0,0
650,yes,<0,25-44,2,0,684.0,0.16666666666666666,4.0,60,0.0,0
651,yes,<0,45-64,1,0,7476.0,0.6666666666666666,1.0,61,1.0,1
652,yes,0<=X<200,25-44,1,0,1922.0,0.16666666666666666,2.0,60,0.0,0
653,yes,<0,45-64,1,0,2303.0,0.3333333333333333,1.0,63,0.0,0
654,yes,0<=X<200,25-44,1,0,8086.0,0.5,4.0,63,0.0,0
655,yes,no checking,25-44,1,1,2346.0,0.3333333333333333,3.0,61,1.0,1
656,yes,<0,18-24,1,0,3973.0,0.19444444444444445,4.0,64,1.0,1
657,yes,0<=X<200,25-44,2,0,888.0,0.16666666666666666,4.0,63,0.0,0
658,yes,no checking,25-44,1,0,10222.0,0.6666666666666666,3.0,61,1.0,1
659,yes,0<=X<200,25-44,1,0,4221.0,0.4166666666666667,1.0,60,1.0,1
660,yes,0<=X<200,25-44,1,1,6361.0,0.25,1.0,63,1.0,1
661,yes,>=200,18-24,1,0,1297.0,0.16666666666666666,4.0,60,1.0,1
662,yes,<0,18-24,1,0,900.0,0.16666666666666666,2.0,60,0.0,0
663,yes,no checking,45-64,1,0,2241.0,0.2916666666666667,2.0,63,1.0,1
664,yes,0<=X<200,25-44,1,0,1050.0,0.08333333333333333,1.0,64,1.0,1
665,yes,>=200,45-64,1,1,1047.0,0.08333333333333333,4.0,60,1.0,1
666,yes,no checking,25-44,1,1,6314.0,0.3333333333333333,2.0,64,1.0,1
667,yes,0<=X<200,25-44,2,0,3496.0,0.4166666666666667,2.0,60,1.0,1
668,yes,no checking,25-44,1,0,3609.0,0.6666666666666666,1.0,60,1.0,1
669,yes,<0,25-44,1,1,4843.0,0.16666666666666666,4.0,63,0.0,0
670,yes,>=200,45-64,1,1,3017.0,0.4166666666666667,4.0,63,1.0,1
671,yes,no checking,25-44,1,1,4139.0,0.3333333333333333,3.0,60,1.0,1
672,yes,no checking,25-44,1,0,5742.0,0.5,2.0,61,1.0,1
673,yes,no checking,25-44,1,0,10366.0,0.8333333333333334,4.0,63,1.0,1
674,yes,no checking,18-24,1,1,2080.0,0.08333333333333333,2.0,60,1.0,1
675,yes,no checking,25-44,2,0,2580.0,0.2916666666666667,2.0,62,0.0,0
676,yes,no checking,25-44,1,1,4530.0,0.4166666666666667,4.0,61,1.0,1
677,yes,no checking,25-44,1,1,5150.0,0.3333333333333333,4.0,63,1.0,1
678,yes,0<=X<200,18-24,1,0,5595.0,1.0,2.0,60,0.0,0
679,yes,<0,45-64,1,0,2384.0,0.3333333333333333,4.0,63,1.0,1
680,yes,no checking,25-44,1,0,1453.0,0.25,1.0,62,1.0,1
681,yes,no checking,45-64,1,0,1538.0,0.08333333333333333,2.0,62,1.0,1
682,yes,no checking,25-44,1,0,2279.0,0.16666666666666666,4.0,60,1.0,1
683,yes,no checking,25-44,1,0,1478.0,0.20833333333333334,3.0,60,1.0,1
684,yes,no checking,45-64,1,1,5103.0,0.3333333333333333,3.0,62,1.0,1
685,yes,0<=X<200,25-44,2,0,9857.0,0.5,3.0,61,1.0,1
686,yes,no checking,25-44,2,0,6527.0,0.8333333333333334,4.0,60,1.0,1
687,yes,>=200,25-44,1,1,1347.0,0.1388888888888889,2.0,61,1.0,1
688,yes,0<=X<200,25-44,1,0,2862.0,0.5,3.0,63,1.0,1
689,yes,no checking,25-44,1,0,2753.0,0.125,4.0,63,1.0,1
690,yes,<0,25-44,2,0,3651.0,0.16666666666666666,3.0,60,1.0,1
691,yes,<0,25-44,1,1,975.0,0.20833333333333334,3.0,60,1.0,1
692,yes,0<=X<200,25-44,1,0,2631.0,0.20833333333333334,2.0,60,1.0,1
693,yes,0<=X<200,25-44,1,0,2896.0,0.3333333333333333,1.0,62,1.0,1
694,yes,<0,25-44,2,1,4716.0,0.08333333333333333,3.0,62,1.0,1
695,yes,no checking,25-44,1,0,2284.0,0.3333333333333333,2.0,61,1.0,1
696,yes,no checking,45-64,1,0,1236.0,0.08333333333333333,4.0,60,1.0,1
697,no,0<=X<200,25-44,1,0,1103.0,0.16666666666666666,3.0,61,1.0,1
698,yes,no checking,25-44,1,1,926.0,0.16666666666666666,2.0,64,1.0,1
699,yes,no checking,18-24,1,1,1800.0,0.25,2.0,60,1.0,1
700,yes,>=200,25-44,1,0,1905.0,0.20833333333333334,4.0,63,1.0,1
701,yes,no checking,25-44,1,0,1123.0,0.16666666666666666,4.0,60,0.0,0
702,yes,<0,45-64,1,1,6331.0,0.6666666666666666,4.0,63,0.0,0
703,yes,>=200,45-64,1,0,1377.0,0.3333333333333333,2.0,63,1.0,1
704,yes,0<=X<200,25-44,1,0,2503.0,0.4166666666666667,2.0,63,1.0,1
705,yes,0<=X<200,25-44,2,0,2528.0,0.375,1.0,62,1.0,1
706,yes,no checking,25-44,1,0,5324.0,0.20833333333333334,4.0,63,1.0,1
707,yes,0<=X<200,18-24,1,0,6560.0,0.6666666666666666,2.0,61,0.0,0
708,yes,0<=X<200,25-44,1,0,2969.0,0.16666666666666666,3.0,62,0.0,0
709,yes,0<=X<200,25-44,1,0,1206.0,0.125,4.0,63,1.0,1
710,yes,0<=X<200,25-44,2,0,2118.0,0.125,2.0,60,1.0,1
711,yes,no checking,25-44,1,1,629.0,0.25,3.0,63,1.0,1
712,yes,<0,25-44,1,0,1198.0,0.08333333333333333,4.0,63,0.0,0
713,yes,no checking,45-64,1,0,2476.0,0.2916666666666667,4.0,63,1.0,1
714,yes,<0,25-44,1,1,1138.0,0.125,4.0,60,1.0,1
715,yes,0<=X<200,25-44,1,0,14027.0,0.8333333333333334,2.0,61,0.0,0
716,yes,no checking,45-64,1,1,7596.0,0.4166666666666667,4.0,63,1.0,1
717,yes,no checking,25-44,2,1,3077.0,0.4166666666666667,2.0,63,1.0,1
718,yes,no checking,25-44,1,0,1505.0,0.25,2.0,60,1.0,1
719,yes,>=200,25-44,1,1,3148.0,0.3333333333333333,2.0,60,1.0,1
720,yes,0<=X<200,25-44,1,0,6148.0,0.2777777777777778,4.0,63,1.0,1
721,yes,>=200,25-44,1,0,1337.0,0.125,2.0,62,0.0,0
722,yes,0<=X<200,18-24,2,0,433.0,0.08333333333333333,2.0,62,0.0,0
723,yes,<0,18-24,1,0,1228.0,0.16666666666666666,2.0,60,0.0,0
724,yes,0<=X<200,65+,1,0,790.0,0.125,3.0,60,1.0,1
725,yes,no checking,18-24,1,0,2570.0,0.375,3.0,60,0.0,0
726,yes,no checking,25-44,1,1,250.0,0.08333333333333333,2.0,60,1.0,1
727,yes,no checking,45-64,1,1,1316.0,0.20833333333333334,2.0,60,1.0,1
728,yes,<0,25-44,1,0,1882.0,0.25,4.0,60,0.0,0
729,yes,0<=X<200,45-64,1,0,6416.0,0.6666666666666666,3.0,63,0.0,0
730,yes,>=200,25-44,1,1,1275.0,0.3333333333333333,4.0,60,1.0,1
731,yes,0<=X<200,25-44,1,0,6403.0,0.3333333333333333,2.0,62,1.0,1
732,yes,<0,18-24,2,0,1987.0,0.3333333333333333,4.0,60,0.0,0
733,yes,0<=X<200,25-44,1,0,760.0,0.1111111111111111,2.0,61,1.0,1
734,yes,no checking,25-44,1,0,2603.0,0.3333333333333333,4.0,60,1.0,1
735,yes,no checking,25-44,2,1,3380.0,0.05555555555555555,1.0,61,1.0,1
736,yes,0<=X<200,25-44,1,0,3990.0,0.5,2.0,62,1.0,1
737,yes,0<=X<200,18-24,1,0,11560.0,0.3333333333333333,4.0,60,0.0,0
738,yes,<0,25-44,2,0,4380.0,0.25,4.0,60,1.0,1
739,yes,no checking,45-64,2,1,6761.0,0.08333333333333333,3.0,61,1.0,1
740,yes,0<=X<200,25-44,1,0,4280.0,0.4166666666666667,4.0,60,0.0,0
741,yes,<0,25-44,1,0,2325.0,0.3333333333333333,3.0,61,1.0,1
742,yes,0<=X<200,18-24,1,0,1048.0,0.1388888888888889,4.0,60,1.0,1
743,yes,no checking,25-44,1,0,3160.0,0.2916666666666667,3.0,63,1.0,1
744,yes,<0,18-24,1,0,2483.0,0.3333333333333333,4.0,60,1.0,1
745,yes,<0,25-44,1,1,14179.0,0.5416666666666666,4.0,61,1.0,1
746,yes,<0,25-44,1,1,1797.0,0.18055555555555555,1.0,62,1.0,1
747,yes,<0,18-24,1,0,2511.0,0.20833333333333334,4.0,64,1.0,1
748,yes,<0,25-44,1,0,1274.0,0.16666666666666666,1.0,62,0.0,0
749,yes,no checking,25-44,1,0,5248.0,0.2916666666666667,3.0,60,1.0,1
750,yes,no checking,25-44,1,0,3029.0,0.20833333333333334,2.0,61,1.0,1
751,yes,<0,45-64,1,0,428.0,0.08333333333333333,1.0,63,1.0,1
752,yes,<0,18-24,1,0,976.0,0.25,2.0,62,0.0,0
753,yes,0<=X<200,18-24,1,0,841.0,0.16666666666666666,4.0,61,1.0,1
754,yes,no checking,25-44,1,1,5771.0,0.4166666666666667,2.0,61,1.0,1
755,yes,no checking,45-64,2,0,1555.0,0.16666666666666666,4.0,63,0.0,0
756,yes,<0,25-44,1,0,1285.0,0.3333333333333333,4.0,61,0.0,0
757,no,>=200,65+,2,1,1299.0,0.08333333333333333,1.0,60,1.0,1
758,yes,>=200,25-44,1,1,1271.0,0.20833333333333334,4.0,60,0.0,0
759,yes,no checking,25-44,1,0,1393.0,0.3333333333333333,2.0,60,1.0,1
760,yes,<0,25-44,1,1,691.0,0.16666666666666666,3.0,63,0.0,0
761,yes,no checking,45-64,1,1,5045.0,0.20833333333333334,4.0,63,1.0,1
762,yes,<0,18-24,1,1,2124.0,0.25,4.0,60,0.0,0
763,yes,<0,18-24,1,0,2214.0,0.16666666666666666,3.0,60,1.0,1
764,yes,no checking,25-44,1,1,12680.0,0.2916666666666667,4.0,63,0.0,0
765,yes,no checking,25-44,1,1,2463.0,0.3333333333333333,3.0,61,1.0,1
766,yes,0<=X<200,25-44,1,0,1155.0,0.16666666666666666,3.0,63,1.0,1
767,yes,<0,25-44,1,0,3108.0,0.4166666666666667,4.0,62,0.0,0
768,yes,no checking,25-44,1,0,2901.0,0.1388888888888889,4.0,62,1.0,1
769,yes,0<=X<200,25-44,1,1,3617.0,0.16666666666666666,4.0,63,1.0,1
770,yes,no checking,45-64,1,1,1655.0,0.16666666666666666,4.0,63,1.0,1
771,yes,<0,25-44,1,0,2812.0,0.3333333333333333,4.0,63,1.0,1
772,yes,<0,25-44,1,1,8065.0,0.5,2.0,60,0.0,0
773,yes,no checking,25-44,1,1,3275.0,0.2916666666666667,4.0,63,1.0,1
774,yes,no checking,45-64,1,1,2223.0,0.3333333333333333,4.0,63,1.0,1
775,yes,>=200,65+,1,1,1480.0,0.16666666666666666,4.0,64,1.0,1
776,yes,<0,25-44,1,0,1371.0,0.3333333333333333,4.0,60,0.0,0
777,yes,no checking,25-44,1,1,3535.0,0.5,4.0,61,1.0,1
778,yes,<0,25-44,1,0,3509.0,0.25,1.0,61,1.0,1
779,yes,no checking,25-44,1,1,5711.0,0.5,2.0,63,1.0,1
780,yes,0<=X<200,65+,1,0,3872.0,0.25,4.0,64,1.0,1
781,yes,0<=X<200,25-44,1,1,4933.0,0.5416666666666666,2.0,61,0.0,0
782,yes,no checking,45-64,1,1,1940.0,0.3333333333333333,4.0,63,1.0,1
783,yes,0<=X<200,25-44,1,0,1410.0,0.16666666666666666,2.0,60,1.0,1
784,yes,0<=X<200,18-24,1,0,836.0,0.16666666666666666,2.0,62,0.0,0
785,yes,0<=X<200,45-64,1,0,6468.0,0.2777777777777778,4.0,64,1.0,1
786,yes,0<=X<200,25-44,1,0,1941.0,0.25,2.0,60,1.0,1
787,yes,no checking,25-44,1,0,2675.0,0.3055555555555556,4.0,63,1.0,1
788,yes,no checking,25-44,2,1,2751.0,0.6666666666666666,3.0,63,1.0,1
789,yes,0<=X<200,45-64,1,0,6224.0,0.6666666666666666,4.0,63,0.0,0
790,yes,<0,25-44,1,1,5998.0,0.5555555555555556,3.0,60,0.0,0
791,yes,0<=X<200,25-44,2,0,1188.0,0.2916666666666667,4.0,63,0.0,0
792,yes,no checking,25-44,2,0,6313.0,0.3333333333333333,4.0,63,1.0,1
793,yes,no checking,25-44,1,1,1221.0,0.08333333333333333,2.0,60,1.0,1
794,yes,>=200,45-64,1,0,2892.0,0.3333333333333333,4.0,63,1.0,1
795,yes,no checking,25-44,1,0,3062.0,0.3333333333333333,3.0,63,1.0,1
796,yes,no checking,18-24,1,0,2301.0,0.125,4.0,62,1.0,1
797,yes,<0,45-64,2,0,7511.0,0.25,4.0,63,0.0,0
798,yes,no checking,18-24,1,1,1258.0,0.16666666666666666,4.0,62,1.0,1
799,yes,no checking,45-64,1,0,717.0,0.3333333333333333,4.0,63,1.0,1
800,yes,0<=X<200,25-44,1,0,1549.0,0.125,2.0,62,1.0,1
801,yes,no checking,45-64,2,1,1597.0,0.3333333333333333,4.0,63,1.0,1
802,yes,0<=X<200,45-64,1,1,1795.0,0.25,4.0,63,1.0,1
803,yes,<0,18-24,1,1,4272.0,0.2777777777777778,4.0,63,1.0,1
804,yes,no checking,25-44,1,1,976.0,0.16666666666666666,4.0,63,1.0,1
805,yes,0<=X<200,18-24,1,0,7472.0,0.16666666666666666,2.0,64,1.0,1
806,yes,<0,18-24,1,0,9271.0,0.5,1.0,61,0.0,0
807,no,0<=X<200,25-44,1,0,590.0,0.08333333333333333,3.0,62,1.0,1
808,yes,no checking,65+,1,1,930.0,0.16666666666666666,4.0,63,1.0,1
809,yes,0<=X<200,45-64,1,0,9283.0,0.5833333333333334,2.0,64,1.0,1
810,yes,0<=X<200,25-44,1,0,1778.0,0.20833333333333334,1.0,62,0.0,0
811,yes,0<=X<200,25-44,1,0,907.0,0.1111111111111111,2.0,62,1.0,1
812,yes,0<=X<200,25-44,1,0,484.0,0.08333333333333333,3.0,61,1.0,1
813,yes,<0,18-24,1,1,9629.0,0.5,4.0,61,0.0,0
814,yes,<0,45-64,1,0,3051.0,0.6666666666666666,4.0,60,0.0,0
815,yes,<0,45-64,2,0,3931.0,0.6666666666666666,4.0,61,0.0,0
816,yes,0<=X<200,45-64,1,0,7432.0,0.5,2.0,60,1.0,1
817,yes,no checking,45-64,1,0,1338.0,0.08333333333333333,4.0,60,1.0,1
818,yes,no checking,18-24,1,1,1554.0,0.08333333333333333,2.0,61,1.0,1
819,yes,<0,25-44,1,0,15857.0,0.5,3.0,64,1.0,1
820,yes,<0,25-44,1,0,1345.0,0.25,3.0,60,0.0,0
821,yes,no checking,25-44,1,0,1101.0,0.16666666666666666,2.0,60,1.0,1
822,yes,>=200,18-24,1,0,3016.0,0.16666666666666666,1.0,60,1.0,1
823,yes,<0,25-44,2,0,2712.0,0.5,2.0,63,0.0,0
824,yes,<0,45-64,1,1,731.0,0.1111111111111111,4.0,63,1.0,1
825,yes,no checking,25-44,1,1,3780.0,0.25,2.0,62,1.0,1
826,yes,<0,25-44,1,1,1602.0,0.2916666666666667,3.0,63,1.0,1
827,yes,<0,25-44,1,1,3966.0,0.25,4.0,63,0.0,0
828,yes,no checking,25-44,2,0,4165.0,0.25,2.0,60,0.0,0
829,yes,<0,45-64,1,0,8335.0,0.5,4.0,63,0.0,0
830,yes,0<=X<200,25-44,2,0,6681.0,0.6666666666666666,4.0,60,1.0,1
831,yes,no checking,25-44,2,0,2375.0,0.3333333333333333,2.0,60,1.0,1
832,yes,<0,18-24,1,0,1216.0,0.25,3.0,62,0.0,0
833,yes,<0,25-44,1,0,11816.0,0.625,4.0,63,0.0,0
834,yes,0<=X<200,25-44,1,0,5084.0,0.3333333333333333,4.0,63,1.0,1
835,yes,>=200,25-44,1,0,2327.0,0.20833333333333334,3.0,62,0.0,0
836,yes,<0,45-64,1,0,1082.0,0.16666666666666666,4.0,60,0.0,0
837,yes,no checking,18-24,1,0,886.0,0.16666666666666666,2.0,60,1.0,1
838,yes,no checking,18-24,2,0,601.0,0.05555555555555555,3.0,62,1.0,1
839,yes,<0,45-64,1,1,2957.0,0.3333333333333333,4.0,63,1.0,1
840,yes,no checking,45-64,1,1,2611.0,0.3333333333333333,3.0,63,1.0,1
841,yes,<0,25-44,1,0,5179.0,0.5,2.0,61,0.0,0
842,yes,no checking,25-44,1,0,2993.0,0.2916666666666667,2.0,60,1.0,1
843,yes,no checking,18-24,1,0,1943.0,0.25,4.0,62,0.0,0
844,yes,no checking,45-64,1,0,1559.0,0.3333333333333333,4.0,61,1.0,1
845,yes,no checking,45-64,2,0,3422.0,0.25,4.0,63,1.0,1
846,yes,0<=X<200,25-44,1,0,3976.0,0.2916666666666667,3.0,61,1.0,1
847,yes,no checking,65+,1,0,6761.0,0.25,4.0,60,0.0,0
848,yes,no checking,25-44,1,0,1249.0,0.3333333333333333,2.0,62,1.0,1
849,yes,<0,45-64,1,0,1364.0,0.125,4.0,61,1.0,1
850,yes,<0,45-64,1,0,709.0,0.16666666666666666,4.0,63,0.0,0
851,no,<0,25-44,1,1,2235.0,0.2777777777777778,2.0,60,0.0,0
852,yes,no checking,25-44,1,1,4042.0,0.3333333333333333,4.0,61,1.0,1
853,yes,no checking,25-44,1,1,1471.0,0.20833333333333334,4.0,60,1.0,1
854,yes,<0,25-44,2,0,1442.0,0.25,4.0,61,0.0,0
855,yes,no checking,45-64,2,0,10875.0,0.5,2.0,63,1.0,1
856,yes,no checking,25-44,1,0,1474.0,0.3333333333333333,3.0,62,1.0,1
857,yes,no checking,25-44,1,0,894.0,0.1388888888888889,3.0,61,1.0,1
858,yes,no checking,25-44,1,1,3343.0,0.20833333333333334,2.0,60,1.0,1
859,yes,<0,25-44,1,0,3959.0,0.20833333333333334,2.0,60,0.0,0
860,no,no checking,25-44,2,0,3577.0,0.125,2.0,60,1.0,1
861,yes,no checking,25-44,1,1,5804.0,0.3333333333333333,2.0,60,1.0,1
862,yes,no checking,25-44,1,0,2169.0,0.25,2.0,60,0.0,0
863,yes,<0,25-44,1,0,2439.0,0.3333333333333333,4.0,62,0.0,0
864,yes,no checking,25-44,2,1,4526.0,0.375,2.0,62,1.0,1
865,yes,no checking,25-44,1,0,2210.0,0.1388888888888889,2.0,60,0.0,0
866,yes,no checking,18-24,1,0,2221.0,0.20833333333333334,4.0,60,1.0,1
867,yes,<0,25-44,1,0,2389.0,0.25,1.0,62,1.0,1
868,yes,no checking,25-44,1,1,3331.0,0.16666666666666666,4.0,63,1.0,1
869,yes,no checking,25-44,1,0,7409.0,0.5,2.0,63,1.0,1
870,yes,<0,18-24,1,0,652.0,0.16666666666666666,4.0,63,1.0,1
871,yes,no checking,25-44,1,0,7678.0,0.5,4.0,61,1.0,1
872,no,>=200,45-64,2,1,1343.0,0.08333333333333333,4.0,63,1.0,1
873,yes,<0,25-44,1,1,1382.0,0.3333333333333333,1.0,61,1.0,1
874,yes,no checking,18-24,1,0,874.0,0.20833333333333334,1.0,62,1.0,1
875,yes,<0,25-44,2,0,3590.0,0.16666666666666666,2.0,60,1.0,1
876,yes,0<=X<200,25-44,1,1,1322.0,0.1527777777777778,4.0,60,1.0,1
877,yes,<0,25-44,1,0,1940.0,0.25,4.0,62,1.0,1
878,yes,no checking,25-44,1,0,3595.0,0.5,2.0,63,1.0,1
879,yes,<0,25-44,1,0,1422.0,0.125,2.0,62,0.0,0
880,yes,no checking,25-44,1,1,6742.0,0.4166666666666667,3.0,61,1.0,1
881,yes,no checking,25-44,1,0,7814.0,0.3333333333333333,3.0,61,1.0,1
882,yes,no checking,45-64,1,0,9277.0,0.3333333333333333,4.0,60,1.0,1
883,yes,0<=X<200,25-44,1,1,2181.0,0.4166666666666667,4.0,63,1.0,1
884,yes,no checking,65+,1,1,1098.0,0.25,4.0,64,1.0,1
885,yes,0<=X<200,25-44,1,0,4057.0,0.3333333333333333,3.0,61,0.0,0
886,yes,<0,45-64,1,0,795.0,0.16666666666666666,4.0,62,0.0,0
887,yes,0<=X<200,25-44,2,1,2825.0,0.3333333333333333,3.0,61,1.0,1
888,yes,0<=X<200,18-24,1,0,15672.0,0.6666666666666666,2.0,60,0.0,0
889,yes,no checking,25-44,1,1,6614.0,0.5,4.0,63,1.0,1
890,yes,no checking,25-44,2,0,7824.0,0.3888888888888889,4.0,62,1.0,1
891,yes,<0,25-44,2,1,2442.0,0.375,4.0,63,1.0,1
892,yes,no checking,45-64,1,1,1829.0,0.20833333333333334,4.0,63,1.0,1
893,no,<0,25-44,1,1,2171.0,0.16666666666666666,4.0,60,1.0,1
894,yes,0<=X<200,25-44,1,1,5800.0,0.5,4.0,60,1.0,1
895,yes,no checking,25-44,1,1,1169.0,0.25,3.0,60,1.0,1
896,yes,no checking,25-44,2,0,8947.0,0.5,2.0,61,1.0,1
897,yes,<0,25-44,1,0,2606.0,0.2916666666666667,4.0,62,1.0,1
898,no,no checking,25-44,1,1,1592.0,0.16666666666666666,2.0,61,1.0,1
899,yes,no checking,25-44,1,0,2186.0,0.20833333333333334,4.0,61,1.0,1
900,yes,<0,25-44,1,0,4153.0,0.25,3.0,60,0.0,0
901,yes,<0,25-44,1,1,2625.0,0.2222222222222222,4.0,63,0.0,0
902,yes,no checking,25-44,1,1,3485.0,0.2777777777777778,4.0,62,1.0,1
903,yes,no checking,25-44,1,1,10477.0,0.5,4.0,63,1.0,1
904,yes,no checking,25-44,1,0,1386.0,0.20833333333333334,2.0,60,1.0,1
905,yes,no checking,25-44,1,0,1278.0,0.3333333333333333,1.0,63,1.0,1
906,yes,<0,18-24,2,0,1107.0,0.16666666666666666,2.0,60,1.0,1
907,no,<0,18-24,1,0,3763.0,0.2916666666666667,2.0,61,1.0,1
908,yes,0<=X<200,25-44,1,0,3711.0,0.5,2.0,60,1.0,1
909,yes,no checking,45-64,1,0,3594.0,0.20833333333333334,2.0,62,1.0,1
910,yes,0<=X<200,25-44,1,0,3195.0,0.125,2.0,60,1.0,1
911,yes,no checking,25-44,1,0,4454.0,0.5,4.0,60,1.0,1
912,yes,0<=X<200,25-44,1,1,4736.0,0.3333333333333333,4.0,62,0.0,0
913,yes,0<=X<200,25-44,1,0,2991.0,0.4166666666666667,4.0,63,1.0,1
914,yes,no checking,25-44,1,0,2142.0,0.1527777777777778,2.0,63,1.0,1
915,yes,<0,25-44,1,0,3161.0,0.3333333333333333,2.0,60,0.0,0
916,no,0<=X<200,25-44,1,0,18424.0,0.6666666666666666,2.0,60,0.0,0
917,yes,no checking,25-44,2,0,2848.0,0.1388888888888889,2.0,60,1.0,1
918,yes,<0,65+,1,0,14896.0,0.08333333333333333,4.0,63,0.0,0
919,yes,<0,25-44,1,0,2359.0,0.3333333333333333,1.0,64,0.0,0
920,yes,<0,25-44,1,0,3345.0,0.3333333333333333,2.0,63,0.0,0
921,yes,no checking,25-44,1,1,1817.0,0.25,2.0,60,1.0,1
922,yes,no checking,25-44,1,0,12749.0,0.6666666666666666,1.0,61,1.0,1
923,yes,<0,18-24,1,0,1366.0,0.125,4.0,62,0.0,0
924,yes,0<=X<200,25-44,2,0,2002.0,0.16666666666666666,4.0,61,1.0,1
925,yes,<0,45-64,1,0,6872.0,0.3333333333333333,1.0,62,0.0,0
926,yes,<0,45-64,1,0,697.0,0.16666666666666666,2.0,62,0.0,0
927,yes,<0,18-24,1,1,1049.0,0.25,4.0,62,1.0,1
928,yes,<0,25-44,2,0,10297.0,0.6666666666666666,4.0,61,0.0,0
929,yes,no checking,45-64,1,0,1867.0,0.4166666666666667,4.0,63,1.0,1
930,yes,<0,25-44,2,0,1344.0,0.16666666666666666,2.0,60,1.0,1
931,no,<0,18-24,1,0,1747.0,0.3333333333333333,1.0,62,1.0,1
932,yes,0<=X<200,18-24,1,0,1670.0,0.125,2.0,62,0.0,0
933,yes,no checking,25-44,1,1,1224.0,0.125,1.0,60,1.0,1
934,yes,no checking,25-44,2,1,522.0,0.16666666666666666,4.0,63,1.0,1
935,yes,<0,18-24,1,0,1498.0,0.16666666666666666,1.0,60,1.0,1
936,yes,0<=X<200,25-44,1,0,1919.0,0.4166666666666667,3.0,62,0.0,0
937,yes,>=200,25-44,1,0,745.0,0.125,2.0,60,0.0,0
938,yes,0<=X<200,25-44,1,0,2063.0,0.08333333333333333,3.0,62,1.0,1
939,yes,0<=X<200,25-44,1,0,6288.0,0.8333333333333334,4.0,60,0.0,0
940,yes,no checking,45-64,2,1,6842.0,0.3333333333333333,4.0,60,1.0,1
941,yes,no checking,45-64,2,0,3527.0,0.16666666666666666,3.0,62,1.0,1
942,no,no checking,25-44,2,0,1546.0,0.1388888888888889,2.0,60,1.0,1
943,yes,no checking,25-44,1,0,929.0,0.3333333333333333,2.0,61,1.0,1
944,yes,no checking,25-44,2,1,1455.0,0.05555555555555555,1.0,61,1.0,1
945,yes,<0,45-64,1,0,1845.0,0.20833333333333334,1.0,62,1.0,1
946,yes,0<=X<200,25-44,1,0,8358.0,0.6666666666666666,1.0,62,1.0,1
947,yes,<0,25-44,2,0,3349.0,0.3333333333333333,4.0,62,0.0,0
948,yes,no checking,25-44,1,0,2859.0,0.16666666666666666,4.0,64,1.0,1
949,yes,no checking,25-44,2,0,1533.0,0.25,1.0,62,0.0,0
950,yes,no checking,25-44,1,0,3621.0,0.3333333333333333,4.0,63,0.0,0
951,yes,0<=X<200,25-44,2,1,3590.0,0.25,3.0,64,1.0,1
952,yes,<0,18-24,1,0,2145.0,0.5,1.0,61,0.0,0
953,yes,0<=X<200,25-44,1,0,4113.0,0.3333333333333333,4.0,62,0.0,0
954,yes,no checking,25-44,1,0,10974.0,0.5,2.0,64,0.0,0
955,yes,<0,25-44,1,0,1893.0,0.16666666666666666,4.0,60,1.0,1
956,yes,<0,45-64,1,1,1231.0,0.3333333333333333,4.0,63,1.0,1
957,yes,>=200,45-64,1,1,3656.0,0.4166666666666667,4.0,63,1.0,1
958,yes,0<=X<200,25-44,1,1,1154.0,0.125,4.0,63,1.0,1
959,yes,<0,45-64,1,0,4006.0,0.3888888888888889,2.0,60,0.0,0
960,yes,0<=X<200,25-44,1,0,3069.0,0.3333333333333333,4.0,63,1.0,1
961,yes,no checking,25-44,1,1,1740.0,0.08333333333333333,2.0,63,1.0,1
962,yes,0<=X<200,45-64,1,0,2353.0,0.2916666666666667,4.0,60,1.0,1
963,yes,no checking,25-44,1,0,3556.0,0.20833333333333334,2.0,60,1.0,1
964,yes,no checking,25-44,1,0,2397.0,0.3333333333333333,2.0,63,0.0,0
965,yes,0<=X<200,18-24,1,0,454.0,0.08333333333333333,1.0,62,1.0,1
966,yes,0<=X<200,25-44,1,0,1715.0,0.4166666666666667,1.0,60,1.0,1
967,yes,0<=X<200,18-24,1,1,2520.0,0.375,2.0,60,0.0,0
968,yes,no checking,45-64,1,0,3568.0,0.20833333333333334,2.0,63,1.0,1
969,yes,no checking,25-44,1,0,7166.0,0.5833333333333334,4.0,61,1.0,1
970,yes,<0,25-44,2,1,3939.0,0.1527777777777778,2.0,60,1.0,1
971,yes,0<=X<200,18-24,1,0,1514.0,0.20833333333333334,2.0,60,1.0,1
972,yes,no checking,25-44,2,0,7393.0,0.3333333333333333,4.0,60,1.0,1
973,yes,<0,25-44,1,0,1193.0,0.3333333333333333,4.0,64,0.0,0
974,yes,<0,25-44,1,0,7297.0,0.8333333333333334,4.0,63,0.0,0
975,yes,no checking,25-44,1,1,2831.0,0.4166666666666667,2.0,60,1.0,1
976,yes,>=200,45-64,1,0,1258.0,0.3333333333333333,3.0,60,1.0,1
977,yes,0<=X<200,45-64,1,0,753.0,0.08333333333333333,3.0,60,1.0,1
978,yes,0<=X<200,25-44,1,0,2427.0,0.25,2.0,63,1.0,1
979,yes,no checking,45-64,2,0,2538.0,0.3333333333333333,4.0,63,0.0,0
980,yes,0<=X<200,25-44,1,0,1264.0,0.20833333333333334,2.0,60,0.0,0
981,yes,0<=X<200,45-64,1,1,8386.0,0.4166666666666667,2.0,61,0.0,0
982,yes,no checking,25-44,1,0,4844.0,0.6666666666666666,2.0,64,0.0,0
983,yes,>=200,25-44,1,0,2923.0,0.2916666666666667,1.0,60,1.0,1
984,yes,<0,25-44,2,0,8229.0,0.5,2.0,60,0.0,0
985,yes,no checking,25-44,1,1,2028.0,0.3333333333333333,2.0,61,1.0,1
986,yes,<0,25-44,1,1,1433.0,0.20833333333333334,3.0,60,1.0,1
987,yes,>=200,25-44,1,0,6289.0,0.5833333333333334,1.0,62,1.0,1
988,yes,no checking,45-64,1,0,1409.0,0.18055555555555555,4.0,64,1.0,1
989,yes,<0,25-44,1,0,6579.0,0.3333333333333333,2.0,64,1.0,1
990,yes,0<=X<200,45-64,1,1,1743.0,0.3333333333333333,2.0,63,1.0,1
991,yes,no checking,25-44,2,1,3565.0,0.16666666666666666,1.0,62,1.0,1
992,yes,no checking,25-44,2,0,1569.0,0.20833333333333334,4.0,63,1.0,1
993,yes,<0,18-24,1,0,1936.0,0.25,4.0,61,1.0,1
994,yes,<0,25-44,1,0,3959.0,0.5,3.0,64,1.0,1
995,yes,no checking,45-64,1,0,2390.0,0.16666666666666666,3.0,63,1.0,1
996,yes,no checking,25-44,1,0,1736.0,0.16666666666666666,4.0,61,1.0,1
997,yes,<0,25-44,1,0,3857.0,0.4166666666666667,4.0,60,1.0,1
998,yes,no checking,25-44,1,0,804.0,0.16666666666666666,4.0,63,1.0,1
999,yes,<0,18-24,1,0,1845.0,0.625,4.0,60,0.0,0
1000,yes,0<=X<200,25-44,1,1,4576.0,0.625,4.0,64,1.0,1
